day,close_usd_micro
0,65000000000
1,67857320589
2,68552248424
3,69886201713
4,71619060495
5,69846603631
6,66725142786
7,64579843258
8,65211831631
9,67215574674
10,67436582300
11,64820870990
12,67490224590
13,64415262852
14,63513807475
15,62485096666
16,62950443392
17,64979179575
18,62239352417
19,61685355055
20,62267422238
21,60224893150
22,60097409604
23,60455845543
24,58204273394
25,56099525979
26,56072494560
27,55769269102
28,56189741479
29,59946656911
30,61544125453
31,62357454575
32,61108823026
33,62790926721
34,61402733053
35,64261277995
36,66490964012
37,62742764965
38,60665854523
39,60359142357
40,59694281067
41,57599719763
42,55651479589
43,56885441400
44,56074854237
45,53719578464
46,53364346692
47,54956368542
48,57755729258
49,57906793956
50,57431465655
51,56166668859
52,55390505854
53,56313028693
54,58442146225
55,60615679552
56,60217284367
57,61800127530
58,63189683918
59,64024973559
60,59662733413
61,59587449653
62,59136226252
63,61477199171
64,60996669932
65,61816309361
66,62299285985
67,64624475668
68,66050222752
69,68014336844
70,70966733157
71,72886798332
72,74463250765
73,73810407798
74,73926456347
75,78575056470
76,78514555188
77,79535464684
78,79215566747
79,78411959779
80,71811869874
81,75361503398
82,72738542342
83,70938766910
84,73691572221
85,68780942572
86,68791174805
87,67646014075
88,64117923937
89,65259453298
90,63812563662
91,63620593741
92,62838520901
93,64011950574
94,68308788536
95,65845033942
96,67469082462
97,66108178637
98,65413715208
99,61934866153
100,59949550266
101,59238388236
102,60681418936
103,61134726762
104,62175127968
105,63508156395
106,61028111133
107,63653759599
108,63059895020
109,64318172877
110,63976007605
111,64463199469
112,65663558450
113,61526473085
114,65217071946
115,65529182051
116,67605374163
117,67993602913
118,68126222846
119,65543986600
120,64791624756
121,60781484813
122,60538770239
123,63374996288
124,60031104579
125,58880582159
126,58288467046
127,60315735628
128,62529883952
129,62648714574
130,62819082039
131,62531241462
132,61662167536
133,60827001372
134,60036178366
135,59797363216
136,59959942216
137,58899554933
138,60006402309
139,59967758820
140,60924606960
141,58594567157
142,57457516914
143,57657346265
144,58175940551
145,57919776913
146,60588585953
147,60243567159
148,62796878587
149,65373029783
150,66674670277
151,67504266958
152,68550888738
153,68218423767
154,66000520340
155,64992575872
156,63802245801
157,63042113924
158,61723557590
159,59852694384
160,60102355064
161,62639567488
162,61084944197
163,57944574973
164,57025756465
165,55079581888
166,53541876525
167,51645992937
168,51511922465
169,52380229868
170,55971553273
171,54145928247
172,52043110663
173,51862664929
174,51739403551
175,54277761535
176,56414784079
177,55381441232
178,52250531602
179,53195692396
180,52584869889
181,54777746856
182,54639709084
183,54467026869
184,52687101672
185,52696440746
186,54554544922
187,53351326013
188,53730278249
189,52895096667
190,54371450448
191,54347294088
192,55273095242
193,55836812619
194,54482641977
195,52763681408
196,54875906104
197,54390416270
198,52861902718
199,51953024585
200,54580336661
201,54791524198
202,56636326687
203,53074332088
204,56790505172
205,56977120732
206,59263240935
207,58762923194
208,58704453968
209,60224756085
210,63619703210
211,63918555228
212,62683163132
213,64558924935
214,68617710120
215,65958320578
216,64356803809
217,65555614871
218,64727877526
219,60716559682
220,60737219693
221,61278152346
222,62547565346
223,65144463586
224,62732894807
225,61776640951
226,61691755019
227,62465906540
228,61144172991
229,61218864076
230,59894977366
231,61438400472
232,63728634409
233,62339718889
234,63435231815
235,61577239852
236,62321432489
237,59825518639
238,60303898711
239,62399021089
240,64094493796
241,60775658179
242,61061257498
243,60471915107
244,63052247895
245,63826931833
246,66611069080
247,65572237365
248,63436863292
249,59142995011
250,59709327014
251,59283782857
252,59860795241
253,59633627622
254,60102119001
255,62722238851
256,60592066960
257,61587379636
258,63928286620
259,64931215910
260,68533018984
261,67891444375
262,68193238137
263,67602543588
264,66952433993
265,70486276340
266,67603751330
267,66468830186
268,65499733545
269,65555101624
270,65001842971
271,66211750215
272,67227744926
273,70814523277
274,72577754436
275,70647268693
276,67430803587
277,66628911300
278,65460545162
279,64980458609
280,67525075189
281,68180611756
282,65525140181
283,64051824884
284,67087063575
285,64789757849
286,66182187619
287,67816932553
288,65475911795
289,63056393618
290,63662413002
291,64212337981
292,66121064775
293,67185297718
294,65238270940
295,68729093450
296,69055118744
297,69283408941
298,69645101570
299,66628979407
300,65055545471
301,66591797174
302,67912447244
303,66897702279
304,67092739622
305,66046031647
306,64971879295
307,64156862441
308,62135728201
309,60866923016
310,60683083593
311,60716072933
312,60468217494
313,60169521958
314,60931861224
315,61163741608
316,61305023743
317,60639356543
318,60553608345
319,61980395556
320,63240683131
321,62710770416
322,61616332243
323,60380544669
324,58570025076
325,61396702909
326,59945547754
327,61604257758
328,61518274366
329,62703050772
330,61657988261
331,61277346822
332,63127188873
333,66064790622
334,66469402692
335,68704164603
336,70095546968
337,72034531368
338,72738263920
339,72554846788
340,77661554040
341,76889068467
342,78753829953
343,78186923950
344,79128560404
345,77784112846
346,76156974387
347,75774718443
348,77537892817
349,75042069141
350,78038568289
351,78128813707
352,79112800490
353,77531060766
354,79956033068
355,79560474637
356,80478302012
357,76712497252
358,81081818770
359,82926437985
360,81166396672
361,79679007016
362,80089432059
363,78185821052
364,74937029235
365,74655169743
366,77601543594
367,79022368290
368,80048398114
369,78891508691
370,82754688211
371,80486080612
372,78457617916
373,75705609991
374,76636514974
375,74827710150
376,74896846479
377,76666889559
378,73167048312
379,71465145147
380,72753362498
381,73035020511
382,72740234984
383,72765837795
384,71409602961
385,72023519479
386,73738582790
387,72314290531
388,70947088231
389,68474027895
390,68152157515
391,70392646093
392,69043678057
393,68619386729
394,71384454135
395,69677821558
396,69019072466
397,68909764083
398,68580960468
399,72633534954
400,72169746736
401,75172982789
402,76323172510
403,80897525591
404,86065097484
405,82004525592
406,82962297707
407,82628460707
408,85953327207
409,90172105610
410,90721418391
411,90264586936
412,91572778767
413,88422264332
414,89241695566
415,90458978158
416,90615503982
417,87957365752
418,89864796993
419,89149292054
420,87570169414
421,88358195943
422,85966046342
423,88130146909
424,87725195591
425,85244357509
426,85761180532
427,90590596943
428,93229368601
429,89203459238
430,86619296965
431,88010865722
432,90177315412
433,89437480140
434,91171669581
435,88020426239
436,89956682117
437,85897182681
438,86669420745
439,89795268338
440,89260997675
441,90926301038
442,84712886073
443,86724972264
444,86057681733
445,87833637310
446,84309749661
447,88649641351
448,88949802033
449,93124628201
450,89447041413
451,87039778244
452,90284300267
453,91317630776
454,88537736448
455,86664244399
456,84577101906
457,86989840075
458,85296777207
459,85193488865
460,87578792257
461,85255883735
462,83790739402
463,81983025340
464,84756933727
465,83348554353
466,85680465660
467,87319353875
468,88170077688
469,90118949678
470,91790799839
471,90281879197
472,92239532791
473,100133934933
474,101383189668
475,101055099927
476,101032353012
477,99909301014
478,99093002133
479,93190620530
480,90334070670
481,92825458371
482,93585867065
483,94266573751
484,92225876862
485,92528471467
486,92884926899
487,91063774577
488,86674035019
489,84381080242
490,85152847551
491,86772912265
492,86324711895
493,87474485022
494,82979884235
495,78867732065
496,79860367564
497,77418139723
498,81631420601
499,81346096174
500,77950788639
501,79600730997
502,76578167707
503,77808806166
504,76108522213
505,72334830664
506,75859555597
507,74008155242
508,74616833530
509,75200733132
510,73208299279
511,70759440157
512,71980689120
513,75336518418
514,77412517583
515,76729930855
516,76142324547
517,77528814839
518,78412416247
519,74667914132
520,76204464631
521,77193799016
522,73657896152
523,73232893816
524,70657788346
525,72196038847
526,73104867070
527,72975367511
528,72384047144
529,72297398843
530,72572427981
531,71616504489
532,73153837033
533,71751743516
534,71819504159
535,70736210056
536,70354541262
537,71205857001
538,67439556646
539,64011245829
540,66000435904
541,64719555364
542,62668559678
543,61386923962
544,59945378229
545,62375422388
546,65370054586
547,65883464114
548,69763842983
549,67825942742
550,69435716481
551,67970326795
552,66675105903
553,70440758388
554,70134426872
555,68690998239
556,69817064421
557,73441123139
558,70135806303
559,69376402180
560,70117493965
561,67873300454
562,67329681786
563,64855237207
564,65723395851
565,68153839652
566,68308954382
567,67206517260
568,64959362898
569,67386716054
570,67352443223
571,69893647488
572,68312202089
573,66368400750
574,66132831028
575,66529522376
576,68569530288
577,69593037077
578,69217195665
579,67391340215
580,65733373969
581,66884348048
582,67608259314
583,67496755990
584,68275163434
585,71337379493
586,73401366080
587,72144807470
588,74977503486
589,72298409801
590,72371248026
591,71746441292
592,71793619514
593,72652471668
594,73012919325
595,74180753323
596,71072578151
597,74076679736
598,73158732765
599,73456585952
600,76144630407
601,75087142120
602,73469867033
603,70206376491
604,72015082652
605,72045198408
606,72433468836
607,73825680689
608,72513780206
609,68157942127
610,64896933135
611,65346900452
612,66702083369
613,65850795251
614,67129120878
615,66665231646
616,66617895857
617,68981337413
618,62604026298
619,62999917053
620,64772534115
621,62704956320
622,64705741473
623,61547979265
624,63347734019
625,64682353530
626,64175201362
627,66032471448
628,67751191403
629,69571467929
630,70276640776
631,71462303129
632,75072704103
633,71636961386
634,73770289972
635,70766980723
636,68848942864
637,67042370414
638,64121517445
639,63773093555
640,60522232751
641,59692694158
642,60380618695
643,60730855875
644,64003164080
645,66336175088
646,68473636480
647,68728228550
648,68751737091
649,68352401862
650,65194569932
651,65554368144
652,63764514004
653,62541769570
654,59884051071
655,59991818946
656,60871786287
657,62265883588
658,62815572364
659,62997342247
660,61699332705
661,62997222615
662,60741792189
663,62089187645
664,61659753156
665,64745996973
666,64133115710
667,65521678578
668,65908385354
669,67140574330
670,68234349620
671,63821620837
672,61388379379
673,62347866624
674,61122966831
675,59338561629
676,58342489401
677,59726315479
678,59891219637
679,57870519118
680,57849528785
681,57577248341
682,56233045119
683,59973967807
684,59535832167
685,59266084396
686,60145621740
687,60414433546
688,62024969566
689,60141179097
690,60364487325
691,58223543612
692,56597465589
693,57483822008
694,57557712963
695,55793394099
696,56539725450
697,56492848238
698,53867461106
699,52288131677
700,53806630611
701,53343716346
702,55186607430
703,56607636217
704,54432192922
705,57027454754
706,57380418448
707,54382794021
708,52925960253
709,53031528161
710,53102056934
711,51827312938
712,55952594278
713,54837046945
714,56556937451
715,57007089678
716,58966152735
717,59090988078
718,57631462417
719,59623733282
720,60758499193
721,61142666109
722,61323673424
723,62217456700
724,63583476279
725,66011820081
726,70275272665
727,68831296390
728,65731630713
729,65000000000
